Photo?,Venue Name,link,Description,Standard Price Range,Packages and Prices,Seated Capacity,Standing Capacity,Time slots,Length of Rental,Style,Linens Included,Other Decor Included,Other Decor for Rent,outside/inside,sparklers allowed,parking?,Full Address,City,sound system,extras,cleanup crew,Accessibility,Deposit Policy,Catering,Prep Area,Alcohol policy,Event Coordinator,Bride/Groom Rooms,Restrictions,Important Notes,Contact Information
,Sleepy Ridge Golf Course,https://www.sleepyridgeweddings.com/,"A country-club-style reception venue on a golf course near Utah Lake, offering indoor and outdoor spaces, scenic mountain and lake views, lush gardens, a gazebo, and dedicated areas for wedding ceremonies and receptions.","$4,200-$7,000","60-inch round tables, 8-foot banquet tables, 6-foot banquet tables, 36-inch bistro tables, in-house chairs, floor-length linens, centerpieces, setup and take-down, venue attendant, floor and table easels, Wi-Fi, ice machine, Bluetooth sound system, wireless microphone, 95-inch HD TVs, warming/prep kitchen, wedding suite, sunset balcony bistro lighting, large fireplace and mantle, large parking area, building and grounds access for photography — Mon-Wed 4pm-11pm $4,200
Same inclusions — Thu 4pm-11pm $4,700
Same inclusions — Fri 11am-11pm $6,500
Same inclusions — Sat-Sun 11am-11pm $7,000
Luncheon, room rental and standard venue inclusions — Mon-Thu 9am-2pm $3,000
Garden Patio ceremony and Front Garden cocktail-hour add-on — $1,000
Additional setup fee — $250",250,700,"Mon-Wed 4pm-11pm
Thu 4pm-11pm
Fri 11am-11pm
Sat-Sun 11am-11pm
Luncheon Mon-Thu 9am-2pm",5-12 hours,"Country club-style
Elegant
Romantic",TRUE,"60-inch round tables
8-foot banquet tables
6-foot banquet tables
36-inch bistro tables
In-house chairs
Floor-length linens
Centerpieces
Floor and table easels
Bistro lighting
Large fireplace and mantle
Hardwood floors
Private balcony
Front lush gardens
Ivy wall
Willow tree",,Both,,"Ample parking for guests
Large parking area","730 S Sleepy Ridge Dr, Orem, UT 84059",Orem,"Yes
Bluetooth sound system
Wireless microphone","Garden Patio and Front Garden cocktail-hour add-on — $1,000
One wedding at a time
95-inch HD TVs","Included
Standard setup and take-down",,"50% of room rental
Non-refundable and non-transferable
Final payment due two weeks before the event","Outside caterers allowed at no extra cost
Preferred caterers listed on venue site",Warming/prep kitchen,"Alcohol allowed
Preferred bartender required: COPA Bar Service or The Bar Project
Venue alcohol fee displayed on site as ""$75 0""","Director of Weddings and Events
Assistant Director
Hostess team
Tours and consultations available","Bridal suite
Groom suite","Required alcohol vendor: COPA Bar Service or The Bar Project
Setup and cleanup must occur within booked hours","Current pricing page lists a $500 promotional discount on select bookings
Venue renovation period noted for late 2026 through mid-2027","Phone: 801-899-8000
Email: info@sleepyridgeweddings.com
Email also shown on site: info@mysite.co.il"
,Stone Gate Event Center,https://stonegatevenue.com/,"A small, intimate ranch-style reception venue with vintage, classic, modern, bohemian, and rustic-barn character, designed for couples seeking a flexible and distinctive setting for their wedding celebration.",No pricing information stated on the official website,No package prices stated on the official website,,100,,,"Ranch-style
Vintage
Classic
Modern
Bohemian
Rustic barn",,,,,,,"10609 Richmond Hwy, Concord, VA 24538",Concord,,"Bounce house
Carriage ride
Princess experience
Unicorn experience",,,,,,,,,,Maximum capacity stated on the official website: 100 guests,"Phone: (434) 509-3966
Phone: (434) 660-2200
Email: StoneGateVenue@gmail.com"
,The White Shanty,https://www.whiteshantyvenue.com/,"A 3,600-square-foot indoor and outdoor reception venue combining industrial and farmhouse character with large picture windows, sliding barn doors, flexible layouts, a firepit, kitchen access, and event support.","$1,200-$3,350","10-foot farmhouse tables, 16-foot banquet table, 8-foot live-edge table, 73 white chairs, 6 benches, cake table, sign-in table, 40-inch TV, sound system, wireless microphones, firepit, 3 bookcases, pre-hung lighting, potted plants, photo backdrop, onsite venue attendant — Mon-Wed morning 8am-2pm or 9am-3pm $1,200
Same inclusions — Thu morning 8am-2pm or 9am-3pm $1,375
Same inclusions — Fri morning 8am-2pm or 9am-3pm $1,600
Same inclusions — Mon-Wed evening 3pm-9pm or 4pm-10pm $2,050
Same inclusions — Thu evening 3pm-9pm or 4pm-10pm $2,350
Same inclusions — Fri evening 3pm-9pm or 4pm-10pm $2,850
Same inclusions — Mon-Wed all-day 9am-9pm or 10am-10pm $2,550
Same inclusions — Thu all-day 9am-9pm or 10am-10pm $2,850
Same inclusions — Fri-Sat all-day 9am-9pm or 10am-10pm $3,350
Additional hours — $150 per hour",100,,"Mon-Wed 8am-2pm or 9am-3pm
Thu 8am-2pm or 9am-3pm
Fri 8am-2pm or 9am-3pm
Mon-Wed 3pm-9pm or 4pm-10pm
Thu 3pm-9pm or 4pm-10pm
Fri 3pm-9pm or 4pm-10pm
Mon-Wed 9am-9pm or 10am-10pm
Thu 9am-9pm or 10am-10pm
Fri-Sat 9am-9pm or 10am-10pm",6-12 hours,"Industrial
Farmhouse",FALSE,"10-foot farmhouse tables
16-foot banquet table
8-foot live-edge table
73 white chairs
6 benches
Cake table
Sign-in table
Firepit
Pre-hung lighting
Potted plants
Photo backdrop
3 bookcases","Triangle arch — $40
Simple wood arch — $30
Boxwood wall — $85
Gold pipe arch — $25
Gold hoop arch — $40
Wood slat wall — $70
Photo booth — $200
Arched mirror — $25
Welcome mirror — $20
Large pink bow — $50
Welcome sign — $40
Picture Perfect bar — $75",Both,,Expanded parking,"502 South 300 West, Provo, UT",Provo,"Yes
State-of-the-art sound system
Wireless microphones","Firepit
Photo backdrop
40-inch TV
Onsite venue attendant",,,,,"Kitchen available
No cooking details stated on official page","Alcohol allowed with signed contract
$350 alcohol fee",Onsite venue attendant during the event,"Bride's room
Groom's room",Reserved rental block must include setup and takedown time,"Venue has indoor and outdoor event areas
Maximum capacity stated on the official website: 100 guests","Email: events@whiteshantyvenue.com
Phone: 801-624-6070
Text: 801-361-1011"
,White Willow Reception Center,https://www.whitewillowweddings.com/,"A historic 1904 Provo mansion reception venue featuring original stained glass and handcrafted woodwork, a ballroom, French farmhouse character, gardens, parlors, patio space, and a serving kitchen.","$1,000-$2,350","Ballroom, buffet room, two parlors, gardens, patio, bride's room, groom's room, serving kitchen, tables, white folding chairs, cake table, cake stand, gift table, buffet tables, centerpieces, votives, artificial florals, silk greenery, curtains, backdrop, easels, TV, stereo, 1-hour consultation, host or hostess — Sun-Thu morning 10am-3pm $1,000
Same inclusions — Fri-Sat morning 10am-3pm $1,350
Same inclusions — Sun-Thu evening 4pm-10pm $1,000
Same inclusions — Fri-Sat evening 4pm-10pm $1,500
Same inclusions — Sun-Thu all-day 10am-10pm $1,500
Same inclusions — Fri-Sat all-day 10am-10pm $2,350
Additional rental hours — $100 per hour
Venue access outside rental period — $100 per hour
Two-person food service and cleanup staff — $300 for up to 3 hours
Extra food-service hours — $100 per hour
Ceremony change-over — $100
Two patio heaters — $30
Additional 60-inch round table and 10 chairs — $35",100,,"Sun-Thu 10am-3pm
Fri-Sat 10am-3pm
Sun-Thu 4pm-10pm
Fri-Sat 4pm-10pm
Sun-Thu 10am-10pm
Fri-Sat 10am-10pm",5-12 hours,"Historic
Vintage
French farmhouse",FALSE,"60-inch round tables
White folding chairs
Cake table
Cake stand
Gift table
Buffet tables
Table centerpieces
Votives
Artificial floral arrangements
Silk greenery
Curtains
Backdrop
Easels",Additional 60-inch round table and 10 chairs — $35,Both,"Yes
$6 per dozen pre-ordered
$9 per dozen day of event",,"342 N 500 W, Provo, UT 84601",Provo,"Yes
Stereo
TV","Food service and cleanup staff — $300 for up to 3 hours
Ceremony change-over — $100
Two patio heaters — $30
Additional 60-inch round table and 10 chairs — $35","Extra cost
Two-person food service and cleanup staff: $300 for up to 3 hours
Extra hours: $100 per hour",,"$500 non-refundable deposit
Balance due two weeks before event","Serving kitchen available
Fridge, freezer and microwave included
No oven or cooking
Kitchen cleaning is renter responsibility","Serving kitchen
Fridge
Freezer
Microwave
No oven or cooking",No alcohol permitted,"1-hour personalized consultation
Host or hostess on site during event","Bride's room
Groom's room","No cooking in serving kitchen
Linens must be rented through venue
Rental period must include setup and takedown
Outside deliveries must occur during rental period","Historic 1904 mansion
95% of home is original
Ballroom added in 1998","Phone: 801-404-9840
Email: events@whitewillowweddings.com"
,Barbwire and Lace,https://www.barbwireandlace.com/,"A 3.5-acre vintage reception venue with mountain views, indoor and outdoor spaces, gardens, fairy lights, rustic and antique character, and an open-air barn with a fireplace.","$3,000-$4,500","10 round tables with choice of centerpieces, 3 banquet tables, whiskey barrel or selected cake table, 50 sparklers — $3,000
10 round tables with choice of centerpieces and linens, 3 banquet tables, whiskey barrel or selected cake table, 50 sparklers, table and chair setup/takedown, vine-covered arbor, indoor loft, saloon, unlimited Decor Store station use — $4,500","100 seated in main event area
200 seated with outdoor areas",,,6-8 hours,"Rustic
Vintage
BOHO
Country charm
Shabby chic",TRUE,"DIY package: 10 round tables with choice of centerpieces
All Access package: 10 round tables with choice of centerpieces and linens
3 banquet tables
Whiskey barrel or selected cake table","Vine-covered wedding ceremony area — $750 DIY / $0 All Access
Indoor loft with walkout balcony — $750 DIY / $0 All Access
Table and chair setup/takedown — $400 DIY / $0 All Access
Saloon for stations and non-alcoholic beverages — $200 DIY / $0 All Access
Decor Store station customization — $100+ per station DIY / $0 unlimited stations All Access",Both,"Yes
50 sparklers — $25 DIY / $0 All Access
Additional sparklers — $0.50 each",On-site parking across 2.5 acres,"1000 W 100 S, Pleasant Grove, UT 84062",Pleasant Grove,"Yes
Onsite sound system
Microphone","One event scheduled per day
Photo shoot — $75 for 1 hour 30 minutes
Payment plan available
Food trucks welcome",,,,"Outside vendors allowed
Food trucks welcome
Onsite kitchen available",Onsite kitchen,No alcohol permitted on the property,Carole provides custom celebration support throughout the event,"Separate bride suite
Separate groom suite
Bridesmaid room",No alcohol permitted on the property,"One event scheduled per day
Payment plan available
Multiple themed areas and Decor Store inventory available","Phone: 801-787-7325
Email: barbwire46@hotmail.com"
,Quiet Meadows Farms,https://www.quietmeadowfarms.com/,"A peaceful, rustic reception venue on 130 acres beneath the mountains, featuring a large barn, outdoor ceremony spaces, gardens, private getting-ready rooms, a prep kitchen, and coordinated wedding support.","$3,200-$6,800","15 farmhouse tables, 150 chairs, 3 barrel-top tables, barn-wood buffet table, white cloth table runners, centerpieces, lanterns, candles, rustic décor, setup, takedown, cleanup, bridal suite, groom room, prep kitchen, day-of coordinator — Peak season Apr-Oct 2026 Mon-Thu 2pm-10pm — $5,600
Same inclusions — Peak season Apr-Oct 2026 Fri-Sat 2pm-10pm — $6,600
Same inclusions — Winter Nov 2026-Mar 2027 Mon-Thu 2pm-10pm — $5,200
Same inclusions — Winter Nov 2026-Mar 2027 Fri-Sat 2pm-10pm — $5,800
15 farmhouse tables, 150 chairs, centerpieces, lanterns, candles, rustic décor, setup, takedown, cleanup, bridal suite, groom room, prep kitchen, day-of coordinator — 2027 Mon-Thu 2pm-10pm — $5,800
Same inclusions — 2027 Fri-Sat 2pm-10pm — $6,800
Reception-only access, standard venue inclusions — Mon-Thu 4:30pm-10pm — $4,200",,300,"Mon-Thu 2pm-10pm
Fri 2pm-10pm
Sat 2pm-10pm
Mon-Thu 4:30pm-10pm reception-only
Mon 10am-2pm morning option
Tue 10am-2pm morning option
Wed 10am-2pm morning option
Thu 10am-2pm morning option
Fri 10am-2pm morning option
Sat 10am-2pm morning option",4-12 hours,"Rustic
Natural
Peaceful
Magical",FALSE,"15 farmhouse tables
3 barrel-top tables
Barn-wood buffet table
150 chairs
White cloth table runners
Centerpieces
Lanterns
Candles
Rustic décor",,Both,No,,"1805 E 1200 N, Mapleton, UT 84664",Mapleton,,"Day-of coordinator
Bridal suite
Groom room
Prep kitchen
Lawn games available by request","Included
Setup, takedown, and cleanup are included",,,"Preferred caterer required
Homemade food not allowed
Commercially prepared food only","Prep kitchen
Refrigerator
Freezer
Microwave
Warming oven","Alcohol allowed
$300 alcohol fee
Preferred bartender required
Maximum alcohol service time: 4 hours",Dedicated Day-of Coordinator included,"Private bridal suite
Groom room","No sparklers
No live bands
No bounce houses
No mechanical bulls
No carnival rides
Lawn games require approval
No pets
No dropping off food or décor before scheduled time
No rehearsal on site","130-acre property
Wedding venue is closed to the public on event days
Official footer displays the ZIP as 84664201; address recorded as 84664","Phone: 801-794-4043
Email: info@quietmeadowsfarms.com"
,Wadley Farms,https://wadleyfarms.com/,"A historic, destination-style reception venue on a 23-acre property with a castle, event barn, gardens, mountain views, on-site lodging, and multiple indoor and outdoor settings for elegant celebrations.","$3,100-$7,200","Tables, chairs, linens, setup, exclusive access to Castle, bride's dressing room, groom's dressing room, garden access, professional sound system — Mon-Wed 2pm-10pm — $5,600
Same inclusions — Thu 2pm-10pm — $6,000
Same inclusions — Fri-Sat 2pm-10pm — $7,200
Tables, chairs, linens, setup, exclusive access to Barn and Railroad Building, bride's dressing room, groom's dressing room — Mon-Wed 2pm-10pm Apr-Sep — $4,800
Same inclusions — Thu 2pm-10pm Apr-Sep — $5,200
Same inclusions — Fri-Sat 2pm-10pm Apr-Sep — $5,600
Same inclusions — Mon-Thu 2pm-10pm Oct-Mar — $3,100
Same inclusions — Fri-Sat 2pm-10pm Oct-Mar — $3,600
Castle plus Barn access, two nights of onsite lodging, private dinner the evening before, full weekend access — starting at $17,500
Castle ceremony add-on — $350",40-200,350,"Mon-Wed 2pm-10pm
Thu 2pm-10pm
Fri-Sat 2pm-10pm
Mon-Wed 10am-10pm full-day option
Thu 10am-10pm full-day option
Fri-Sat 10am-10pm full-day option",8-12 hours,"Historic
Natural
Elegant
Rustic",TRUE,"Tables
Chairs
Linens
Castle dressing rooms
Barn dressing rooms
Castle grand staircase
Barn chandelier
Two fireplaces
Wrought-iron balcony
Vine-wrapped gazebo
Gardens","6-foot wooden tables — $100 each
Crossback chairs — $8 each
Castle lighting — $1,000",Both,Yes,Ample parking,"5 East 400 North, Lindon, UT 84042",Lindon,"Yes
Professional sound system in Castle","Onsite lodging
Private dinner the evening before
Castle ceremony add-on — $350
Vineyard and garden access
Exclusive venue access",,Wheelchair accessible,"Castle deposit — $2,000 non-refundable
Barn and Railroad Building deposit — $1,500 non-refundable","Castle: preferred caterer required
Barn and Railroad Building: outside caterer or self-cater allowed","Castle full-service kitchen
Barn and Railroad Building kitchen available for warm or cool food","Castle: beer and wine only
Licensed bartender required
$1,000 alcohol privilege fee
Barn and Railroad Building: alcohol generally not permitted","Full-day packages include event coordination
Premium estate package includes an on-site hostess","Castle bride's dressing room
Castle groom's dressing room
Barn bride's dressing room
Barn groom's dressing room","Outdoor ceremonies are weather-dependent
Outdoor ceremonies typically unavailable October-March
Castle alcohol limited to beer and wine
No gatherings or events in lodging before or after the event","Exclusive venue access
Castle seats up to 200
Barn seats up to 100
Railroad Building seats up to 40
Barn and Railroad Building standing capacity stated at 250
Castle open-flow capacity stated at 350",Email: info@wadleyfarms.com
,Northampton House,https://northamptonhouse.com/,"A historic reception venue in American Fork with a restored home, multiple indoor event rooms, outdoor lawn and patio areas, and a welcoming setting for elegant celebrations.","$5,800-$7,200","Full-day rental with 15 tables, table linens, 126 chairs, audio/visual system, piano, TV, Bluetooth microphone, bathrooms, 120-stall parking lot, bride's room, groom's/family room, prep kitchen, setup and takedown — Mon-Thu 10am-10pm — $5,800
Full-day rental with 15 tables, table linens, 126 chairs, audio/visual system, piano, TV, Bluetooth microphone, bathrooms, 120-stall parking lot, bride's room, groom's/family room, prep kitchen, setup and takedown — Fri-Sat 10am-10pm — $7,200
Event Day Coordinator — $300
Room flip — $150",126-304,385,"Mon-Thu 10am-10pm
Fri-Sat 10am-10pm",12 hours,"Historic
Elegant
Classic",TRUE,"15 tables
126 chairs in Monarch Room
178 chairs in Grand Ballroom
304 chairs in Full Building
Table linens
Rose arch
Grand staircase
Crystal chandeliers
Terrace landscaping
Gardens
Fountain","Gold easel — $10
Square sign stand — $10
2 parasols — $3
Bud vases, 20 — $40
8-inch vases, 48 — $25
10-inch vases, 28 — $15
Sparkler sendoff, reserve 200 — $300
Sparklers — $1.50 each
Gift card box — $10
Table runners — $3 each
Custom welcome sign — $500",Both,Yes,120-stall parking lot,"198 W 300 N, American Fork, UT",American Fork,"Yes
Audio/visual system
Bluetooth microphone","Grand Ballroom terrace
Rose arch
Event Day Coordinator — $300
Room flip — $150
Grand staircase
Crystal chandeliers
Fountain
Gardens",,,,"In-house caterer: Crisp Catering
Preferred caterers include Magleby's and Thirst Catering
Open vendor policy stated on venue site","Prep kitchen included
Two kitchens in Full Building package",,Event Day Coordinator — $300,"Bride's room
Groom's/family room","Rental includes setup and takedown time
Neighboring event may occur during same date depending on selected space","Full-day pricing is published for Monarch Room, Grand Ballroom and Full Building
Grand Ballroom includes terrace access","Phone: 801-756-5358
Email: info@northamptonhouse.com"
,The Bright Building,https://www.thebrightbuilding.com/,"A historic downtown Provo reception venue in a renovated auto dealership, offering an industrial and mid-century setting with a loft, commercial kitchen prep area, built-in lighting, audio equipment, and flexible vendor options.","$1,250-$2,450","Full-day venue access, 15 custom wood and steel tables, 150 wooden folding chairs, cake table, wood arch, projector and large screen, professional speaker system, wireless microphone, 2 circle chandeliers, string market lighting, bride/groom room, loft, kitchen prep area, 6 restrooms, 3 floor easels, music and media adaptors — Mon-Wed 10am-11pm — $1,250
Same inclusions — Thu 10am-11pm — $1,950
Same inclusions — Fri-Sun 10am-11pm — $2,250
Same inclusions — Sat 10am-11pm — $2,450
Early day-of setup before 10am — $150 per hour
Night-before setup — $350",150,350,"Mon 10am-11pm
Tue 10am-11pm
Wed 10am-11pm
Thu 10am-11pm
Fri 10am-11pm
Sat 10am-11pm
Sun 10am-11pm",13 hours,"Industrial
Mid-century
Historic
Urban",FALSE,"15 custom wood and steel tables
150 wooden folding chairs
Cake table
Wood arch
2 circle chandeliers
String market lighting
3 floor easels",,Inside,Yes,"45 private parking spaces
Street parking","25 W 400 S, Provo, UT 84601",Provo,"Yes
Professional speaker system
Wireless microphone","Loft
Projector and large screen
Bride/groom room
6 restrooms
Large garage door entrance
In-house services","Extra cost
Self-setup and self-cleanup allowed at no extra cost
Optional setup and cleanup services available",,50% non-refundable deposit,"Any vendor allowed
In-house catering available
Preferred vendors available","Catering prep area
Commercial fridge
Commercial freezer
Sink
Counter space","Alcohol allowed
Licensed bartender required
$200 alcohol fee","On-site managers
Optional wedding-planner referrals
In-house setup, cleanup, catering and decorating services",Bride/groom room,"No duct tape
No confetti
No glitter
Early setup must be booked
Night-before setup only when available","Located in Provo's historic Auto Row
Large garage door entrance
Venue can host up to 150 seated and 350 standing guests","Phone: 801-709-0455
Instagram: @thebrightbuilding"
,Copper Creek Event Center,https://coppercreekeventcenter.com/,"An elegant, romantic ballroom reception venue with mountain views, a prep kitchen, integrated sound, projection, flexible seating, and dedicated support for wedding celebrations.","$1,800-$4,200","90 guest chairs, 9 round 60-inch tables, cake table, selected linens, cake stand and cutting utensils, personalized entry sign, sign-in table, 9 round dining linens, 2 banquet tables with selected linens, setup and takedown, prep kitchen, ice machine, floor easels, private bride's dressing room, integrated sound system, projector and screen, wireless microphone and stand, venue host or hostess — Mon-Wed 10am-3pm — $1,800
Same inclusions — Mon-Wed 5pm-10pm — $2,250
Same inclusions — Mon-Wed 10am-10pm — $3,000
Same inclusions — Thu-Sat 10am-3pm — $2,150
Same inclusions — Thu-Sat 5pm-10pm — $2,750
Same inclusions — Thu-Sat 10am-10pm — $4,200
Ceremony coordination — $125
Additional linens — $20
Additional table with linen and chairs — $60
Garden room overflow — $400",90-160,,"Mon-Wed 10am-3pm
Mon-Wed 5pm-10pm
Mon-Wed 10am-10pm
Thu-Sat 10am-3pm
Thu-Sat 5pm-10pm
Thu-Sat 10am-10pm",5-12 hours,"Elegant
Romantic
Timeless
Sophisticated",TRUE,"90 guest chairs
9 round 60-inch tables
Cake table
Selected linens
Personalized entry sign
Sign-in table
2 banquet tables with selected linens
Floor easels
Wireless microphone stand","Full decor closet — $150
Wooden or circle arch backdrop — $75
50-count sparkler package — $40
100-count sparkler package — $70",Inside,Yes,,"688 W 400 S #202, Springville, UT 84663",Springville,"Yes
Integrated sound system
Projector and screen
Wireless microphone
Wireless microphone stand","Ceremony coordination — $125
Garden room overflow — $400
Venue host or hostess",,"Wheelchair accessible
Elevator",,"Preferred vendors listed on the official site
In-house floral design available","Prep kitchen included
Ice machine",Alcohol strictly prohibited on the space and property,"Venue host or hostess
Ceremony coordination — $125",Private bride's dressing room,"Alcohol prohibited on the space and property
Live-flame candles only through the in-house floral team
Other candles must be faux",Pricing page lists 100-count sparklers at $70; FAQ page lists $75,"Phone: 801-900-3082
Email: admin@coppercreekeventcenter.com"
,The Startup Building,https://www.thestartupbuilding.co,"An industrial, historic reception venue in a former candy factory with original brick walls, wooden beams, elevated ceilings, a courtyard, catering space, integrated sound, and flexible layouts for up to 300 guests.","$1,550-$2,750","Cafe lights, cake table, wooden arch, 2 wooden floor easels, 4 cocktail tables, 150 wooden chairs, 15 wooden tables, 4 ADA restrooms, sound system with 2 wireless microphones, digital projector with HDMI and AppleTV, catering area with fridge and freezer, 3 chandeliers with faux greenery, powder room — Mon-Wed 10am-11pm — $1,550
Same inclusions — Thu 10am-11pm — $2,250
Same inclusions — Fri 10am-11pm — $2,550
Same inclusions — Sat 10am-11pm — $2,750
Courtyard add-on — $500 Apr-Sep or $200 Oct-Mar
Alcohol service with licensed bartender — $200",120,300,"Mon-Wed 10am-11pm
Thu 10am-11pm
Fri 10am-11pm
Sat 10am-11pm
Sun 10am-11pm",13 hours,"Industrial
Historic
Rustic",,"Cafe lights
Cake table
Wooden arch
2 wooden floor easels
4 cocktail tables
150 wooden chairs
15 wooden tables
3 chandeliers with faux greenery",,Both,,"40 parking spots
Street parking","100 W 560 S St, Provo, UT 84601",Provo,"Yes
Integrated sound system
2 wireless microphones
Digital projector","Courtyard add-on — $500 Apr-Sep or $200 Oct-Mar
Food trucks
Live band setup
Powder room",,,Deposit required; amount not stated on the official website,"Catering area included
Food trucks allowed",Catering area with fridge and freezer,"Alcohol allowed with a licensed bartender
$200 alcohol fee","On-site manager
Manager on call",Get-ready room,"No glitter
No confetti
No nails or tacks
Venue does not provide cleanup; cleanup supplies are provided","Four ADA restrooms
Open vendor and layout flexibility stated on the official site","Phone/text: (385) 236-3061
Instagram: @thestartupbuilding"
,Southworth Hall,https://southworthhall.com/,"A historic, warm, classy, rustic reception hall in downtown Provo with original brick, custom woodwork, flexible table layouts, in-house sound, and space for up to 200 seated guests.","$600-$1,890","Up to 20 round tables, 6 rectangle tables, up to 200 chairs — Mon-Thu 2:30pm-12am — $1,400
Up to 20 round tables, 6 rectangle tables, up to 200 chairs — Fri-Sat 2:30pm-12am — $1,600
Up to 20 round tables, 6 rectangle tables, up to 200 chairs — Full day 8am-12am — $1,890
Brunch or luncheon rental, 3 hours between 6am-2pm — $600
White linens for 15 round tables and 5 buffet tables — $99
In-house sound system and one wireless microphone — $0
DJ, 3-hour block — $299
DJ additional hour — $75
Photo booth — $199
Linens, sound, DJ and photo booth — $799",200,,"Mon-Thu 2:30pm-12am
Fri-Sat 2:30pm-12am
Full day 8am-12am
Brunch or luncheon 6am-2pm
Sunday DIY 12pm-12am",3-16 hours,"Historic
Warm
Classy
Rustic",FALSE,"Tables
Chairs",White linens for 15 round tables and 5 buffet tables — $99,Inside,,,,,"Yes
In-house sound system
One wireless microphone","DJ — $299
Photo booth — $199
Whole Enchilada package — $799",,,,,,,,,,"Early-bird pricing is 25-40% below regular pricing; event end time is 8:30pm; extras receive 20-40% discounts except linens, PA and DJ","Phone: 801-616-6046
Text: 801-616-6046
Email: reservations@southworthhall.com
Instagram: @southworthhall"
,Riverside Country Club,https://www.riversidecountryclub.org/Dining_Events,"A country-club reception venue offering indoor dining rooms, a patio, scenic surroundings, in-house cuisine, custom menu options, and event planning support for wedding celebrations.",No single standard price stated on the official website,"Main Dining Room, 80 plated or 60 buffet guests, room fee $3,000, food and beverage minimum $5,000
Timpanogos Room, up to 32 guests, room fee $600, food and beverage minimum $900
Parley's Patio, up to 150 guests, room fee $3,500, food and beverage minimum $8,000
Wasatch South and Parlor, up to 80 guests, room fee $1,000, food and beverage minimum $5,000
Entire Wasatch Room, 150 plated or 120 buffet guests, room fee $2,000, food and beverage minimum $5,000
Bar service — from $150",32-150,,,,"Elegant
Country club",,,,Both,,,"2701 N University Ave, Provo, UT 84604",Provo,,"Event planning support
Parley's Patio",,,,"In-house cuisine
Custom menu options",,Bar service available from $150,Event planning support,,,"22% service charge
8.25% tax",Phone: 801-374-1347
,Conrad Ranch,https://www.conradranch.com/landing,"A historic, timeless reception venue on a family-owned homestead with canyon walls, Mount Timpanogos views, spring-fed ponds, a lighted patio, indoor and outdoor spaces, and an on-site coordinator.","$4,000-$6,000","8-hour reception rental 2pm-10pm with inside option, onsite coordinator or hostess, tables, chairs, linens, parking, kitchen access, lighting, bridal suite and groom's room — Mon-Wed — $4,000
Same inclusions — Thu-Sat — $5,000
12-hour full-day weekend rental 10am-10pm — $6,000
100 additional chairs — $2 each
Additional guest table with chairs and linen — $40 each, up to 5
Serving table with linen — $30 each","85-112 indoors
100 outdoor chairs included
200 with 100 additional rented chairs",350+ outdoor open-house capacity,"Mon-Wed 2pm-10pm
Thu-Sat 2pm-10pm
Full-day weekend 10am-10pm
Ceremony-only 9am-1pm",3-12 hours,"Natural
Historic
Timeless
Elegant",TRUE,"9 48-inch round guest tables with linen
3 iron tables
8-foot serving table with linen
Cake table with linen
Sign-in table
Display table with linen
Black water table
100 chairs
Outdoor lighting
Patio lights","100 additional chairs — $2 each
Additional guest table with chairs and linen — $40 each, up to 5
Serving table with linen — $30 each
White lantern — $10 each
Wooden lantern — $10 each
Traditional metal lantern — $10 each
Canopy of lights — $300 setup
Love Sign — $100
6 lanterns and hooks — $50
Double Octagon Arch — $100
Wooden Arch — $100",Both,Yes,"Parking across venue
Upper and family parking","5591 South Fork Road, Provo, UT 84604",Provo,No,"3 spring-fed ponds
Patio with lights for dancing
Baby grand piano
Fireplace
Bridal photos by appointment",,Handicap accessible,"$1,000 non-refundable deposit","Own caterer or outside caterer allowed
Food must be pre-cooked and assembled","Kitchen for warming and staging only
Double fridge
Microwave
Warming ovens
Prep table and counters
Small freezer
Warming cabinet
No cooking",No alcohol anywhere on the property,Onsite coordinator or hostess,"Bridal suite
Groom's room","No cooking
No glass bottles
No confetti, fireworks, fiberoptic or pond decorations
Sparklers only outside in metal buckets; cleanup required
Sound ordinance ends at 10pm","No Wi-Fi; AT&T cell service only
DJ must be brought by the client","Phone: 801-225-6238
Phone: (801) 368-3223
Phone: 801-376-0509
Email: ConradRanch1863@gmail.com
Email: g.c.m@me.com
Email: dsdesign90@gmail.com"
,The Blake,https://www.theblakevenue.com/,"A stylish, contemporary reception venue in downtown Provo with modern elegance, a spacious layout, and unique amenities designed for wedding celebrations.",No pricing information stated on the official website,No package prices stated on the official website,,,,,"Stylish
Contemporary
Modern",,,,,,,"407 W 100 S, Provo, UT 84601",Provo,,"Spacious layout
Unique amenities",,,,,,,"Venue Director
Gabie",,,,"Phone: (385) 286-2002
Email: theblakevenue@gmail.com"
,Utah Valley Convention Center,https://utahvalleycc.com/weddings/,"A modern, elegant reception venue in downtown Provo with natural light, mountain views, professional event managers, a culinary team, a grand ballroom, and a rooftop terrace.",No single standard price stated on the official website,"Reception package with room rental, black or white chair covers and ties, floor-length linens with overlay, house centerpieces, TV or projector with small screen, microphone, audio connection, house sound, dance floor, staging, electrical, 2 gift or registration tables, security attendant and event insurance — $28.95/person plus current management charge and taxes
Lunch package with room rental, black or white chair covers, chair ties, 2 mid-length linens per banquet table, house centerpieces, TV or projector with small screen, microphone, audio connection, house sound, security attendant and event insurance — $41.95/person plus current management charge and taxes
Dinner package with room rental, black or white chair covers and ties, black or white floor-length linens with overlay, house centerpieces, TV or projector with small screen, microphone, audio connection, house sound, dance floor, staging, electrical, 2 gift or registration tables, security attendant and event insurance — $49.95/person plus current management charge and taxes
Timpanogos Terrace add-on — $1,500
Cake attendant — $75","360-1,080",,,,"Modern
Elegant
Flexible",TRUE,"Black or white chair covers and ties
House centerpieces
Dance floor for dinner or reception package
Staging
2 gift or registration tables
Electrical
Security attendant
Event insurance",,Both,,,,,"Yes
House sound
Microphone
Audio connection","Timpanogos Terrace — $1,500 add-on
Cake attendant — $75
Professional event managers
Free public Wi-Fi",,,,"Exclusive food and beverage provider
In-house culinary team",,,"Professional event managers
Event sales manager",,Timpanogos Terrace requires an indoor backup rental,"Grand Ballroom can be divided into three sections of up to 380 guests each
Facility size: 83,578 sq. ft.","Phone: (801) 851-2200
Email: info@utahvalleycc.com"
,Provo Marriott Hotel,https://www.marriott.com/en-us/hotels/slcvo-provo-marriott-hotel-and-conference-center/events/,"A full-service hotel reception venue with a Grand Ballroom, flexible event rooms, an outdoor terrace, in-house catering, certified wedding planners, and capacity for large wedding celebrations.",No venue rental price stated on the official website,"Early Wedding Menu — $22/person
Deluxe Early Wedding Menu — $26/person
Lunch catering — $35/person
Reception catering — $50/person
Dinner catering — $75/person",60-650,1000,,,"Elegant
Traditional
Versatile",,,,Both,,Complimentary on-site parking,"101 W 100 N, Provo, UT 84601",Provo,"Yes
PA system
Microphones
Wireless internet","Grand Ballroom
Aspen room with dynamic changing lights
Outdoor terrace
19 function rooms",,,,"Custom in-house catering
Plated dinners
Buffets
Cocktail receptions
Hors d'oeuvres",,,Marriott Certified Wedding Planners,,,329 guest rooms on the property,Phone: +1 801-377-4700
,Provo Library Ballroom,https://ws.provolibrary.libnet.info/ballroom-8755,"A historic library ballroom reception venue with banquet and theater layouts, provided furniture, free audiovisual equipment, kitchen support, a stage, and space for up to 320 banquet guests.","$840-$2,300","Banquet or dinner setup up to 320, provided furniture, setup and takedown, kitchen access, AV equipment and Brimhall Room — Mon-Thu 9am-6pm — $840
Same inclusions — Mon-Thu 9am-11pm — $1,350
Same inclusions — Fri-Sat 9am-11pm — $2,000
Same inclusions — Mon-Sat 9am-12am — $2,300",150-320,,"Mon-Thu 9am-6pm
Mon-Thu 9am-11pm
Fri-Sat 9am-11pm
Mon-Sat 9am-12am",9-15 hours,Historic,FALSE,"Provided library tables and chairs
Stage
Brimhall Room",,Inside,,,,,"Yes
Speakers
Microphones
Projector
Screen","Free audiovisual equipment
Brimhall Room included
Baby grand piano",,,"Security or cleaning deposit: $200 for Mon-Thu 9am-6pm; $300 for 9am-11pm blocks; $500 for Mon-Sat 9am-12am
100% refund if canceled more than 90 days before the event; no refund after","User-provided catering allowed
Third-party catering allowed","Warming oven
2 refrigerators
Freezer
Ice machine
Sinks
No cooking",,Events and Scheduling office,,"No cooking in facilities
Access limited to scheduled rental hours
No midday switchovers","User-provided decorations, linens and catering allowed with no extra fees","Phone: 801-852-6650
Phone: 801-852-7691
Email: roomscheduling@provolibrary.gov"
,Ivory Hall,https://www.theivoryhall.com,"A modern, bright, flexible reception hall in downtown Provo with 4,000 square feet, standard décor and furniture, a prep kitchen, audiovisual equipment, private parking, a bridal room, and full-day access.","$2,500-$3,500","Full-day rental 9am-10pm with standard décor and furniture, AV equipment, on-site staff, bridal room and kitchen — Mon-Thu — $2,500
Same inclusions — Fri and Sun — $3,000
Same inclusions — Sat — $3,500
Additional hour — $200
Alcohol service with licensed bartender — $300
Bridal suite add-on — $500
Dance floor package — $300",300,,"Mon-Thu 9am-10pm
Fri 9am-10pm
Sat 9am-10pm
Sun 9am-10pm",13 hours,"Modern
Bright
Flexible",TRUE,"200 wood cross-back chairs
15 large wood banquet tables
6 catering or gift tables
2 cocktail tables
15 white chiffon table runners
90 electric candles
90 glass vases
30 faux greenery garlands
60 bud vases
3 easels
Gold hoop arch
Rectangular wood arch",,Inside,Yes,Private parking,"388 W Center Street, Provo, UT 84601",Provo,"Yes
4 overhead Bluetooth speakers
2 wireless microphones and stands","Bridal suite — $500
Dance floor package — $300
On-site manager
Final walkthrough
Lounge",,,,"Open vendor policy
Large kitchen and prep kitchen","Large kitchen
Prep kitchen","Alcohol allowed with a licensed bartender
$300 alcohol fee",On-site manager,"Main-level bridal room included
Bridal suite — $500","Licensed bartender required for alcohol
All rentals are full-day 9am-10pm","4,000 sq. ft. hall
Open vendor policy
Setup and takedown included","Phone: (801) 882-7022
Email: hello@theivoryhall.com"
,Redford Conference Center,https://www.sundanceresort.com/groups-weddings/venues/redford-conference-center/,"A mountain reception venue at Sundance Resort with a 3,500-square-foot ballroom, large stone fireplace, wraparound reception flow, forest views, and access to the resort’s wedding and culinary teams.",No pricing information stated on the official website,No package prices stated on the official website,,,,,"Mountain
Rustic
Elegant",,,,Both,,,"8841 N. Alpine Loop Road, Sundance, UT 84604",Sundance,,"Large stone fireplace
Mountain setting
Resort lodging",,,,Custom wedding menus and resort culinary team,,,Sundance wedding team,,,"Official venue page describes a 3,500-square-foot ballroom and reception spaces that transition toward the outdoors","Phone: 801-223-4070
Phone: 801-225-4107"
,The Rehearsal Hall,https://www.sundanceresort.com/groups-weddings/venues/rehearsall-hall/,"A light-filled Sundance reception venue with floor-to-ceiling windows, sliding glass doors, mountain views, an outdoor deck, and a flexible 3,500-square-foot layout for larger celebrations.",No pricing information stated on the official website,No package prices stated on the official website,250 seated,300 reception,,,"Mountain
Light-filled
Elegant",,,,Both,,,"8841 N. Alpine Loop Road, Sundance, UT 84604",Sundance,,"Outdoor deck
Floor-to-ceiling windows
Sliding glass doors
Mountain views",,,,Custom wedding menus and resort culinary team,,,Sundance wedding team,,,Official venue page states capacity for up to 250 seated or 300 reception guests,"Phone: 801-223-4070
Phone: 801-225-4107"
,Grove Station,https://grovestationpg.com/venue-2/,"A modern reception venue in Pleasant Grove with high ceilings, spacious indoor and outdoor areas, private parking, built-in sound, a patio, and flexible service options including food trucks and a non-alcoholic bar.","$2,800-$4,300","Standard rental with tables, chairs, setup, sound system, patios, private parking, basic decor, access to decor inventory, and cleanup — Sun-Thu 3pm-10pm — $2,800
Standard rental with same inclusions — Fri-Sat 3pm-10pm — $4,300
Premium rental with linens, upgraded decor, extra furniture, food truck or vendor coordination, and premium service — $5,500
Table rearrangement — $100
Additional setup or teardown labor — $35 per staff hour
Engagement or bridal session — $150
Heater — $75
Drink dispenser — $10 or $20",250 indoor,,"Sun-Thu 3pm-10pm
Fri-Sat 3pm-10pm
Optional earlier start 11am",7-11 hours,"Modern
Vintage
Industrial",FALSE,"Tables
Chairs
Table runners of choice
Patio furniture","Table linens — $18 each
Decor set — $100
Additional tables — $30 each
Drink dispensers — $10 or $20",Both,,Private parking lot,"273 N County Blvd, Pleasant Grove, UT 84062",Pleasant Grove,"Yes
Built-in sound system","Soda shop
Non-alcoholic bar
Food trucks
Private parking
Patio",Included,,,"Outside caterers allowed
Food trucks allowed
Non-alcoholic bar available",Warming kitchen,,"Event coordinator — $500
On-site staff — $35 per hour each",Getting-ready areas,Alcohol policy not stated on the official website,"Premium package is listed at $5,500; standard rentals are priced by day","Phone: 385-236-4070
Email: hello@grovestationpg.com
Instagram: @grovestationpg"
,The Bungalow Event Venue,https://www.bungalowwedding.com/,"An old-world reception venue with romantic European country-estate character, a grand hall, dressing rooms, flexible indoor and outdoor areas, included ivory linens, and an onsite coordinator.","$2,600-$3,400","Reception rental with grand hall, dressing rooms, tables, chairs, ivory linens, prep kitchen, included decor, onsite coordinator, setup and cleanup, and use of indoor and outdoor spaces — Sun-Thu 4pm-10pm — $2,600
Same inclusions — Fri-Sat 4pm-10pm — $3,400
Reception rental with grand hall, dressing rooms, tables, chairs, ivory linens, prep kitchen, included decor, onsite coordinator, setup and cleanup, and use of indoor and outdoor spaces — Sunday 10am-4pm — $2,600","75 indoor
165 with upstairs and outdoor areas",,"Sun-Thu 4pm-10pm
Fri-Sat 4pm-10pm
Sunday 10am-4pm",6 hours,"Old-world
Romantic
European country estate
Modern elegance",TRUE,"Ivory linens
Tables
Chairs
",,Both,,,"1920 E 4000 S, Spanish Fork, UT 84660",Spanish Fork,"Yes
Sound system","Grand hall
Dressing rooms
Indoor and outdoor ceremony areas
Seasonal venue accents",,,,Professional caterer required,Prep kitchen for warming and food preparation,,Onsite coordinator included,"Bride's dressing room
Groom's dressing room","No sparklers
No fireworks
No floating lanterns
No confetti
Professional baker required for cake
Host is responsible for cleanup from send-off and vehicle decorating",All-season venue; seasonal accents and inventory vary,"Phone: 385-200-4185
Email: hello@bungalowwedding.com
Instagram: @thebungalowwedding"
,The Villa at the Retreat,https://www.thevillaweddings.com/,"A full-service reception venue at a private retreat with indoor and outdoor spaces, private bridal suites, a day-of coordinator, a personal bridal attendant, curated decor, catering support, and a scenic garden setting.",No pricing information stated on the official website,No package prices stated on the official website,Up to 300,,,,"Romantic
Elegant
Garden",,,,Both,,,"75 Martha's Vineyard Court, Carriere, MS 39426",Carriere,,"Private bridal suites
Day-of coordinator
Personal bridal attendant
Private food tasting
Passed hors d'oeuvres
Three-hour buffet service
Garden setting",,,,Onsite catering and curated menu support,,,"Dedicated day-of wedding coordinator
Personal bridal attendant",Private bridal suites,,Official site describes an all-in-one reception experience with custom package options; prices were not stated,"Phone: 601-916-4737
Email: info@thevillaweddings.com
Instagram: @thevillaweddings"
,Wild Oak Venue,https://thewildoakvenue.com/,"A modern reception venue with a bright open layout, outdoor ceremony area, private bride and groom suites, a day-of coordinating team, onsite parking, and access to decor and vendor support.","$3,500-$5,000","Venue rental with tables, chairs, setup and cleanup, kitchen access, private suites, onsite parking, and day-of coordination — weekday — $3,500
Same inclusions — Friday or Sunday — $4,000
Same inclusions — Saturday — $5,000
Day-of coordinating team — $1,000
Decor package with arches, signs, linens, centerpieces, and styling — price not stated",250,,"Monday-Thursday 10am-10pm
Friday 10am-10pm
Saturday 10am-10pm
Sunday 10am-10pm",12 hours,"Modern
Bright
Open",FALSE,"Tables
Chairs
Setup and cleanup","Decor package with arches, signs, linens, centerpieces, and styling — price not stated",Both,Yes,Onsite parking,"1900 N 200 W, Pleasant Grove, UT 84062",Pleasant Grove,"Yes
Sound system","Day-of coordinating team — $1,000
Bridal suite
Groom suite
Outdoor ceremony area",Included,Accessible parking stated on the official website,,"Outside catering allowed
Preferred vendor list available",Kitchen access,Alcohol allowed with venue-approved bartender,"Day-of coordinating team — $1,000","Private bride suite
Private groom suite","All setup, event time, and cleanup must fit inside the reserved rental period",Venue advertises access to in-house decor support and preferred vendors,"Phone: 801-420-8600
Email: hello@thewildoakvenue.com
Instagram: @thewildoakvenue"
,Walker Farms,https://walkerfarms.com/,"A historic, modern reception venue on a 62-acre farm with a renovated barn, indoor and outdoor spaces, bridal suites, scenic agricultural surroundings, coordinated support, and flexible catering options.","$5,500-$8,500","Exclusive venue use, 150 chairs, tables, bridal suite, groom suite, large catering kitchen, ceremony meadow or orchard, covered patio, setup, cleanup, one-hour coordination meeting, and onsite hostess — Mon-Wed 10am-10pm — $5,500
Same inclusions — Thu 10am-10pm — $6,500
Same inclusions — Fri-Sat 10am-10pm — $8,500
Additional two-hour bridal photo session outside rental date — price not stated",150,400,"Mon-Wed 10am-10pm
Thu 10am-10pm
Fri-Sat 10am-10pm",12 hours,"Historic
Modern
Agricultural",,"150 chairs
Tables
Bridal suite
Groom suite
Covered patio
Large catering kitchen
Ceremony meadow or orchard",,Both,,,"13140 S 2200 W, Riverton, UT 84065",Riverton,"Yes
Venue sound system","62-acre farm
Renovated barn
Orchard
Meadow
Covered patio
Bridal photo session",Included,,,"Own vendors allowed
Preferred vendors available","Large catering kitchen
Warming kitchen",No alcohol allowed,"Onsite hostess
One-hour coordination meeting included","Bridal suite
Groom suite","No alcohol
No smoking
Setup and cleanup must occur within reserved time",Venue offers one private event per day,"Phone: 801-446-3513
Instagram: @walkerfarmsutah"
,Orion Event Venue,https://www.orioneventvenue.com/,"A modern, elegant reception venue with a 6,000-square-foot ballroom, patio and deck, indoor and outdoor ceremony areas, flexible layouts, included tables and chairs, and a large suite for getting ready.","$4,500-$7,500","Venue rental with ballroom, patio, deck, tables, chairs, cake table, banquette seating, entrance table, easel, chalkboard, setup, takedown, cleaning, on-site staff, and warming kitchen — Sunday-Thursday 11am-11pm — $4,500
Same inclusions — Friday-Saturday 12pm-1am — $7,500",200,,"Sunday-Thursday 11am-11pm
Friday-Saturday 12pm-1am",12-13 hours,"Modern
Elegant",,"Tables
Chairs
Cake table
Banquette seating
Entrance table
Easel
Chalkboard
",,Both,,,,,"Yes
Professional sound system
2 wireless microphones","Patio
Deck
Warming kitchen
On-site staff
Large getting-ready suite",Included,,,,Warming kitchen,,On-site staff,Large getting-ready suite,,,"Phone: 801-609-8424
Email: info@orioneventvenue.com
Instagram: @orioneventvenue"
,Castle Park,https://castleparkevents.com/,"A flexible reception venue with castle-style architecture, a large ballroom, outdoor garden areas, a gazebo, balcony spaces, included decor, a full kitchen, and event support for both intimate and large celebrations.","$1,825-$3,595","One ballroom, venue and decor package, 96 white resin chairs, 8 six-foot tables, 4 three-foot tables, linens, centerpieces, sweetheart table, cake table, gift table, DJ table, patio furniture, lighting, sound system, wedding planner, venue coordinator, basic bar, security, setup, cleanup, and 50 sparklers — 6-hour block between 4pm-11pm — $1,825 off-season or $2,250-$2,995 peak season
Two ballrooms, 96 white resin chairs, 8 six-foot tables, 4 three-foot tables, linens, centerpieces, sweetheart table, cake table, gift table, DJ table, patio furniture, lighting, sound system, wedding planner, venue coordinator, security, setup, cleanup, and 50 sparklers — 6-hour block between 4pm-11pm — $3,595 off-season or $4,395-$4,995 peak season
Large party package with full venue, up to 200 chairs, up to 24 tables, linens, decor, wedding planner, venue coordinator, security, sound system, ceremony setup, reception setup, cleanup, and 100 sparklers — 8 hours 5pm-1am — $6,995 off-season or $7,875-$8,675 peak season
Reception management — $975
Ceremony management — $625
Licensed bartender service — $950
Additional hour — $500",96-200,,"6-hour block between 4pm-11pm
Large party 5pm-1am",6-8 hours,"High class
Elegant
Castle-style",TRUE,"Tables
Chairs
Linens
Centerpieces
Sweetheart table
Cake table
Gift table
DJ table
Patio furniture
Lighting
Sound system
Ceremony setup
Reception setup",,Both,Yes,Over 230 off-street parking spaces,"3098 W Maple Loop Drive, Lehi, UT 84043",Lehi,"Yes
Sound system
Wireless microphones","Wedding planner
Venue coordinator
Outdoor garden
Gazebo
Balconies
Reception management — $975
Ceremony management — $625
Licensed bartender service — $950",,,,Outside caterers allowed,"Full kitchen
2 ovens
Microwave
Refrigeration
Prep and cleanup areas","Alcohol allowed
Licensed bartender required
Bartender service — $950","Wedding planner included
Venue coordinator included
Reception management — $975
Ceremony management — $625","Bride's room
Groom's room","No outside bartender
Large band requires both ballrooms
DJ must connect to house sound system
Caterer must leave the kitchen clean
No moving chairs between ballrooms","Packages vary by season and guest count
Basic package includes 50 sparklers; large party package includes 100","Phone: 801-830-0181
Email: info@castleparkevents.com
Instagram: @castleparkevents"
,Big Willow Barn,https://www.bigwillowbarn.com/,"A rustic, country-charm reception venue centered on a restored barn and century-old weeping willow tree, with gardens, a scenic setting, and an intimate atmosphere for wedding celebrations.",No pricing information stated on the official website,No package prices stated on the official website,,,,,"Rustic
Country charm
Classy elegance",,,,Both,,,"1100 W 200 N, Lindon, UT 84042",Lindon,,"Century-old weeping willow tree
Gardens
Barn setting",,,,,,,,,,,"Phone: 801-609-9093
Email: info@bigwillowbarn.com
Instagram: @bigwillowbarn"
,Sun River Gardens,https://sunrivergardens.com/,"The current official website presents Sun River Gardens as a garden center with greenhouse, outdoor nursery, home décor, and workshops; it does not provide current reception-venue information.",No current reception pricing information stated on the official website,No current reception packages or prices stated on the official website,,,,,"Garden
Greenhouse",,,,,,,"1248 N State St, Orem, UT 84057",Orem,,"Greenhouse
Outdoor nursery
Home and garden décor
Workshops",,,,,,,,,,"The current official site no longer presents Sun River Gardens as a reception venue. Its photography policy lists a $50 fee for one hour, by approval, but does not publish reception details.","Phone: 801-229-1975
Email: info@sunrivergardens.com"
,Shade Home and Garden,https://www.shadeweddings.com/,"A greenhouse-and-vineyard reception venue with lush greenery, vibrant blooms, arborescent paths, natural ambient lighting, and modern minimalist touches.","$3,000-$5,500","Two of three event spaces, tables and chairs in predetermined layout, 10-hour exclusive access 12pm-10pm — Nov-Mar Mon-Thu — $3,000
Same inclusions — Nov-Mar Fri-Sat — $4,000
Same inclusions — Apr-Oct Mon-Thu — $4,500
Same inclusions — Apr-Oct Fri-Sat — $5,500
Alcohol service — $500",140-168,280,Daily 12pm-10pm,10 hours,"Greenhouse
Vineyard
Natural
Modern
Minimalist",FALSE,"Tables
Chairs in predetermined layout
Lush greenery
Vibrant blooms
Natural ambient lighting",Entire decor inventory — $200,Both,,,"435 S Geneva Rd, Orem, UT 84058",Orem,"Yes
Bluetooth speakers
Microphone","Three unique venues
Greenhouse venue
Vineyard
Arborescent paths
Property photos included at no extra cost",,,,Preferred vendors listed on the official site,Catering prep area,"Alcohol permitted onsite
$500 alcohol fee
Preferred bartender required","Wedding hostess onsite
Dedicated venue team",Two wedding suites,"Two of three event spaces included
Preferred bartender required for alcohol",Rental includes 10 consecutive hours. The venue site describes three distinct event spaces.,"Phone: 801-802-5200
Email: info@shadeweddings.com"
,Barteli Event Venue,https://www.barteli.com/,"A flexible reception hall in Orem with customizable event plans, optional decor and setup services, and tiered packages ranging from venue-only rental to full-service celebrations.","$600-$2,350","Venue rental, minimum 3 hours Mon-Thu — $200/hour
Venue rental Fri-Sat without tables or chairs — $2,350
Venue rental Sunday without tables or chairs — $1,500
Reserve date — $100
Security deposit — $200 Mon-Thu or $400 Fri-Sun
Decoration and setup — $600
Cleaning — $400
Blank table with 8 chairs — $0
Table with 8 chairs and one table cover — $9
Table with 8 chairs, table cover, overlay, 8 chair covers and 8 sashes — $35
10 tables with simple decor, food, cake, music, pictures, video and cleanup — $2,240 Fri-Sat; $1,640 Sunday
15 tables with simple decor, food, cake, music, pictures, video and cleanup — $2,485 Fri-Sat; $1,685 Sunday
20 tables with simple decor, food, cake, music, pictures, video and cleanup — $2,530 Fri-Sat; $1,730 Sunday
25 tables with simple decor, food, cake, music, pictures, video and cleanup — $2,575 Fri-Sat; $1,775 Sunday
10 tables with silver decor, food, cake, music, pictures, video and cleanup — $2,700 Fri-Sat; $1,900 Sunday
15 tables with silver decor, food, cake, music, pictures, video and cleanup — $2,875 Fri-Sat; $2,075 Sunday
20 tables with silver decor, food, cake, music, pictures, video and cleanup — $3,050 Fri-Sat; $2,250 Sunday
25 tables with silver decor, food, cake, music, pictures, video and cleanup — $3,225 Fri-Sat; $2,425 Sunday
10 tables with gold decor, food, cake, music, pictures, video and cleanup — $3,300 Fri-Sat; $2,500 Sunday
15 tables with gold decor, food, cake, music, pictures, video and cleanup — $3,475 Fri-Sat; $2,675 Sunday
20 tables with gold decor, food, cake, music, pictures, video and cleanup — $3,650 Fri-Sat; $2,850 Sunday
25 tables with gold decor, food, cake, music, pictures, video and cleanup — $3,825 Fri-Sat; $3,025 Sunday
10, 15, 20 or 25 tables with tables, chairs, decoration, food, cake, music, pictures, video and cleanup — $7,960, $9,025, $10,150 or $11,160",,,,3+ hours Mon-Thu minimum; weekend duration not stated,"Elegant
Flexible",FALSE,,"Decoration and setup — $600
Black table cover — $9
White table cover — $9
Ivory table cover — $9
Blank table with 8 chairs — $0
Decorated table with chairs, cover, overlay, chair covers and sashes — $35",Inside,,,"151 W 400 N, Orem, UT 84057",Orem,,"Customizable event plans
One-stop event services","Extra cost
Cleaning — $400",,"Security deposit: $200 Mon-Thu or $400 Fri-Sun
$100 to reserve the date
Refundability not stated",Luxury package includes food,,,Barteli event support team,,,"Official site lists tiered venue, decor, and full-service packages by day and table count.","Phone: 801-823-3624
Phone: 801-368-8401
Email: info@barteli.com
Instagram: @bartelirh"
,Rooftop Venue,https://www.therooftoplehi.com/,"A modern rooftop reception venue in Lehi with panoramic mountain views, flexible indoor and outdoor settings, included furniture and decor, patio and deck areas, and full-service event support.","$2,500-$4,500","Setting 1 large event, tables, chairs, linens, easels, televisions, audio system, centerpieces, ceremony arch, venue host, bride and groom rooms, full prep kitchen, parking, setup, takedown and cleaning — Mon-Thu 1pm-11pm — $3,500
Same inclusions — Fri-Sat 1pm-11pm — $4,500
Setting 2 small event, same inclusions — Mon-Thu 1pm-11pm — $2,500
Same inclusions — Fri-Sat 1pm-11pm — $3,500
All-day rental 10am-11pm — $500
Golf lounge — $200
Photo booth — $200/hour, 2-hour minimum
Additional hour — $200
Alcohol-use fee — $400
Bridal or baby shower 9am-12pm, Setting 2 — $750",80-280,300,"Mon-Thu 1pm-11pm
Fri-Sat 1pm-11pm
All-day 10am-11pm
Bridal or baby shower 9am-12pm",10-13 hours,"Modern
Elegant
Panoramic",TRUE,"Chairs
Tables
Linens
Easels
Televisions
Centerpieces
Ceremony arch
Setup and takedown
Cleaning",,Both,,"Ample parking
160 on-site stalls","151 N 1200 E, Lehi, UT 84043",Lehi,"Yes
Audio system
Wireless microphones","Mountain views
Patio
Deck
Golf lounge — $200
Photo booth — $200/hour
Outdoor ceremony area",Included,,,,Full prep kitchen,Alcohol allowed with a $400 alcohol-use fee,Venue host,"Bride room
Groom room","Additional hours cost $200/hour
Events must end by 10pm unless an extended rental is purchased",Setting 1 capacity is listed as up to 280 seated or 700 flowing; Setting 2 is listed as up to 80 seated or 300 flowing.,Phone: 801-889-1393
,The Lodge at Traverse Mountain,https://www.thelodgeattraverse.com/,"A rustic mountain reception venue at Traverse Mountain with stone and wood architecture, a patio, fireplaces, built-in audio/video, included tables and chairs, and a flexible full-day Saturday option.","$1,850-$2,850","Venue rental with 12 round tables, 8 rectangular tables, 8 bar-height tables, up to 120 chairs, 20 table linens, built-in audio/video, warming kitchen, fireplaces, patio and event manager — Mon-Wed 5pm-10pm — $1,850
Same inclusions — Thu 5pm-10pm — $2,100
Same inclusions — Fri 5pm-10:30pm — $2,350
Same inclusions — Sat 9am-10:30pm — $2,850
Unlimited decor rentals — $350
DIY setup and takedown discount — $250",100 seated reception,300 come-and-go reception,"Mon-Wed 5pm-10pm
Thu 5pm-10pm
Fri 5pm-10:30pm
Sat 9am-10:30pm",5-13.5 hours,"Mountain
Rustic
Natural stone and wood",TRUE,"Up to 120 white padded chairs
12 round tables
8 rectangular serving tables
8 bar-height tables
20 table linens
Built-in audio/video system
Fireplaces
Outdoor patio
Board Room tables and chairs",Unlimited decor rentals — $350,Both,,"Onsite parking
Additional north parking","3940 Traverse Mountain Blvd, Lehi, UT 84043",Lehi,"Yes
Built-in audio/video system
42-inch TV","Mountain and lake views
Fireplaces
Outdoor patio
Board Room
64-inch TV",,,,"Outside caterers and vendors allowed
Preferred vendors listed on the official site","Warming kitchen
Caterer area with serving window","No alcohol
No smoking",Event manager included,Bride's room,"No alcohol
No smoking
DIY setup and takedown must fit within the rental period",FAQ says the $500 deposit is fully refundable unless the event is cancelled; the cancellation policy says the deposit is non-refundable.,"Phone: (385) 234-1406
Text: (385) 234-1406"
,Alpine Art Center,https://alpineartcenter.com/,"An elegant Alpine reception venue combining an art gallery, sculpture park, gardens, water features, flexible indoor and outdoor ceremony areas, and a full-service event setup.","$1,700-$4,200","Banquet room, 10 round tables, 2 banquet tables, 80 teak chairs, cake table, serving tables, cabaret tables, sign-in table, drink table, 3 easels, projector, event host, exclusive garden and gallery access, centerpieces, bride and groom rooms, prep kitchen, fridge, ice machine, wireless microphone, speaker system, baby grand piano, linens, setup and takedown — Mon-Wed Apr-Oct 10am-3pm — $2,400
Same inclusions — Mon-Wed Apr-Oct 5pm-10pm — $2,600
Same inclusions — Mon-Wed Apr-Oct 10am-10pm — $3,000
Same inclusions — Mon-Wed Nov-Mar 10am-3pm — $1,700
Same inclusions — Mon-Wed Nov-Mar 5pm-10pm — $1,900
Same inclusions — Mon-Wed Nov-Mar 10am-10pm — $2,500
Same inclusions — Thu Apr-Oct 10am-3pm — $2,600
Same inclusions — Thu Apr-Oct 5pm-10pm — $3,000
Same inclusions — Thu Apr-Oct 10am-10pm — $3,600
Same inclusions — Thu Nov-Mar 10am-3pm — $1,900
Same inclusions — Thu Nov-Mar 5pm-10pm — $2,500
Same inclusions — Thu Nov-Mar 10am-10pm — $2,900
Same inclusions — Fri-Sat Apr-Oct 10am-3pm — $3,000
Same inclusions — Fri-Sat Apr-Oct 5pm-10pm — $3,600
Same inclusions — Fri-Sat Apr-Oct 10am-10pm — $4,200
Same inclusions — Fri-Sat Nov-Mar 10am-3pm — $2,500
Same inclusions — Fri-Sat Nov-Mar 5pm-10pm — $2,900
Same inclusions — Fri-Sat Nov-Mar 10am-10pm — $3,300
Indoor ceremony — $350
Outdoor ceremony — $350
Bubble send-off — $75
Streamer send-off — $50
Fiber-optic wand send-off — $50
Additional 60-inch round table with 8 chairs and linens — $35
Cabaret table — $22
Rectangle table — $24
4-foot sweetheart table — $22
Additional linens — $10
Additional runners — $8
Additional time — $250/hour; after 10pm — $350/hour",80,,"Mon-Wed Apr-Oct 10am-3pm
Mon-Wed Apr-Oct 5pm-10pm
Mon-Wed Apr-Oct 10am-10pm
Mon-Wed Nov-Mar 10am-3pm
Mon-Wed Nov-Mar 5pm-10pm
Mon-Wed Nov-Mar 10am-10pm
Thu Apr-Oct 10am-3pm
Thu Apr-Oct 5pm-10pm
Thu Apr-Oct 10am-10pm
Thu Nov-Mar 10am-3pm
Thu Nov-Mar 5pm-10pm
Thu Nov-Mar 10am-10pm
Fri-Sat Apr-Oct 10am-3pm
Fri-Sat Apr-Oct 5pm-10pm
Fri-Sat Apr-Oct 10am-10pm
Fri-Sat Nov-Mar 10am-3pm
Fri-Sat Nov-Mar 5pm-10pm
Fri-Sat Nov-Mar 10am-10pm",5-12 hours,"Elegant
Lush
Picturesque",TRUE,"10 round tables
2 banquet tables
80 teak chairs
Cake table
Serving tables
Cabaret tables
Sign-in table
Drink table
3 easels
Projector
Centerpiece options
Baby grand piano
Linens
Bride and groom rooms","Additional 60-inch round table with 8 chairs and linens — $35
Cabaret table — $22
Rectangle table — $24
4-foot sweetheart table — $22
Additional linens — $10
Additional runners — $8",Both,,Large parking lot,"450 S Alpine Hwy, Suite 100, Alpine, UT 84004",Alpine,"Yes
Speaker system
Wireless microphone
Projector","Art gallery
Sculpture park
Gardens
Water features
Gazebo
Baby grand piano
Indoor and outdoor ceremony areas",,,"$1,000 payment to reserve the date
Non-refundable
$500 transfer fee if the date is moved","Catering available through Alpine Art Center
Self-catering allowed","Kitchen counters
Sinks
Carts
Buffet tables
Ice maker
Trash cans and liners
Refrigerator
No ovens, stoves, freezers or utensils","$400 alcohol charge
Licensed bartender required
Client furnishes the alcohol","Event Host
Event Director","Bride room
Groom room","Licensed bartender required for alcohol
No open-flame candles except enclosed candles
Client must follow cleanup and cancellation policies","No hidden mandatory service charges stated on the official pricing page
Final payment due four weeks before the event","Phone: 801-763-7173
Email: info@alpineartcenter.com"
,Knot and Pine,https://knotandpine.com/,"A historic Alpine reception venue with rustic charm, modern elegance, wood-and-stone architecture, mountain views, a bride's room, groom's space, built-in sound, and flexible indoor and outdoor photo options.","$3,500-$4,750","Venue rental, 6-hour block with setup and takedown — 2026 Mon-Wed — $3,500
Same inclusions — 2026 Thu — $4,000
Same inclusions — 2026 Fri-Sat — $4,500
Same inclusions — 2027 Mon-Wed — $3,500
Same inclusions — 2027 Thu — $4,250
Same inclusions — 2027 Fri-Sat — $4,750
Ceremony fee — $100
Extra hours up to midnight — $150/hour
Alcohol fee — $400
Indoor photo session — $100/hour
Outdoor photo session — $50/hour",80-120,,"Mon-Wed 6-hour block, extendable to midnight
Thu 6-hour block, extendable to midnight
Fri-Sat 6-hour block, extendable to midnight",6 hours; extendable to midnight,"Rustic charm
Modern elegance
Historic
Vintage",FALSE,"Wood tables
Wood chairs
10 guest tables
2 buffet tables
Barn doors
Chandeliers","Fresh greenery service — $2,600
Candle package — $30 per table
Table package — $65 per table
Draping — $700
Fresh table greenery — $79, $169 or $303
Fresh greenery table package — $110 per table
Barn door backdrop — $300
Barn door with lights — $470
Barn door with drapery — $150
Barn door with garland — $225
Table linens — $15 each
Chandelier garland — $470
Wooden panel backdrop — $175
Sheer white backdrop — $175
Black wall backdrop — $150
Photo wall backdrop — $200",Both,Yes,"Onsite parking
Nearby overflow parking","45 E 200 N, Alpine, UT 84004",Alpine,"Yes
Built-in sound system","Mountain views
Historic architecture
Sparkler sendoff
Bride's room
Groom's space
Complimentary one-hour photo session",,,"$1,500 non-refundable upfront fee",,,,Event hostess and venue team,"Bride's room
Groom's space","6-hour rental block
Events end by 10pm unless extended
Music is turned down at 10pm
Candles must be enclosed
Floor-lit candles not allowed",2026 and 2027 rates are both listed on the official pricing page,"Phone: 801-756-7400
Email: hello@knotandpine.com"
,Springville Museum of Art,https://www.smofa.org/,"A historic Spanish-colonial-style reception venue with galleries, a sculpture garden, art-filled interiors, flexible indoor and outdoor spaces, and a distinctive cultural setting for weddings.","$1,730-$2,130","6.5-hour rental with event hosts, basic table and chair setup, use of assigned gallery space, and access to listed amenities — Monday, Tuesday, Thursday, Friday or Saturday 4pm-10:30pm — $1,730-$2,130
Additional gallery space — $115-$150/hour
Specialty setup or mid-event setup change — $40+
A/V setup — $69.50/hour
Upright piano — $25",48-63,750,"Monday 4pm-10:30pm
Tuesday 4pm-10:30pm
Thursday 4pm-10:30pm
Friday 4pm-10:30pm
Saturday 4pm-10:30pm",6.5 hours,"Historic
Spanish colonial-style
Elegant
Unique
Affordable",,"Tables
Chairs
Podium
Easels
Benches
Canopies
Wireless internet","Specialty setup or mid-event setup change — $40+
Upright piano — $25",Both,,Museum parking lot,"126 E 400 S, Springville, UT 84663",Springville,"Yes
Sound system
Microphone
TV screen","Sculpture garden
Art galleries
Spanish colonial architecture
Artwork
Canopies
Upright piano",,Elevator,"$600 deposit
$100 additional-gallery deposit
Refundability not stated",,,,Event Coordinator Gina Woolf,,"Closed Sundays and holidays
Tours by appointment",Current rentals page does not publish rates; official rental PDF lists the rates used here and appears older than the current page,"Phone: 801-489-2727
Phone: 801-491-0693
Email: SMAinfo@springville.org
Email: gwoolf@springville.org"
,Willow Springs Event Center,https://www.thewillowsprings.com/,"A bright white reception venue with indoor and outdoor areas, chandeliers, a covered heated patio, lawn space, a pergola, a full kitchen, and a private bridal suite with bathroom.","$1,199-$2,499","7-hour rental, 150 chairs, 16 round tables, full kitchen, bridal suite, patio, lawn, pergola, sound system, TVs, setup and takedown, and use of venue amenities — Nov-Mar Mon-Wed 3pm-10pm — $1,199
Same inclusions — Nov-Mar Thu 3pm-10pm — $1,499
Same inclusions — Nov-Mar Fri-Sat and holidays 3pm-10pm — $1,799
Same inclusions — Apr-Oct Mon-Wed 3pm-10pm — $1,899
Same inclusions — Apr-Oct Thu 3pm-10pm — $2,199
Same inclusions — Apr-Oct Fri-Sat and holidays 3pm-10pm — $2,499
Basic decoration package — $325
Ceremony decoration package — $225
Additional hour — $295",150,,"Nov-Mar Mon-Wed 3pm-10pm
Nov-Mar Thu 3pm-10pm
Nov-Mar Fri-Sat and holidays 3pm-10pm
Apr-Oct Mon-Wed 3pm-10pm
Apr-Oct Thu 3pm-10pm
Apr-Oct Fri-Sat and holidays 3pm-10pm",7 hours; additional hours available,"White
Bright
Indoor-outdoor",FALSE,"150 chairs
16 round tables
Full kitchen
Bridal suite with private bathroom
Covered heated patio
Pergola
Basketball court
Large lawn
String lights
Sound system
TVs
Chandeliers","Basic decoration package — $325
Ceremony decoration package — $225
Linens — $16.25",Both,,,"554 W 1200 N, Springville, UT 84663",Springville,"Yes
Indoor and outdoor sound system
Wireless microphone","Covered heated patio
Pergola
Basketball court
Large lawn
Chandeliers
Big sliding glass door",,,,,"Full kitchen
2 ovens
Ice machine
Refrigerator",,Venue staff,Bridal suite with private bathroom,,Official pricing page lists décor packages at $325 and $225; the About page states décor starts at $395,"Phone: 801-960-4000
Email: info@thewillowsprings.com"
,Hobble Creek Event Center,https://www.hobblecreekevents.com/,"A scenic golf-course reception setting with seasonal atmosphere, landscaped grounds, and official decor options for weddings and other celebrations.",No venue rental price stated on the current official website,"Decor package with official site inclusions — $350
Premium decor package with official site inclusions — $500",,,,,"Scenic
Seasonal
Lush
Picturesque",,,,Both,,,,,,"Golf-course setting
Seasonal grounds
Wedding decor options",,,,,,,,,,"Current official website provides venue description and decor pricing but does not publish a venue rental rate, capacity, address or full contact block.",
,Northridge Valley Event Center,https://www.northridge-valley.com/,"A modern, elegant reception venue in Mapleton with mountain views, indoor and outdoor ceremony options, a Pioneer cabin, a warming kitchen, included tables and chairs, and an in-house wedding and event planner.","$5,000-$7,000","12 farmhouse tables, 220 crossback chairs, 5 floor-length linens, 6 table runners, candles, warming kitchen, 2 dressing rooms, Bluetooth sound systems, 65-inch TV, white oak ceremony arch with draping, centerpieces, setup and breakdown, wedding and event planner — Weekday 12pm-10pm — $5,000 off-season or $5,500 peak season
Same inclusions — Friday 10am-10pm — $6,000 off-season or $6,500 peak season
Same inclusions — Saturday 10am-10pm — $6,500 off-season or $7,000 peak season
Gold decor package — $1,500",50-200,,"Weekday 12pm-10pm
Friday 10am-10pm
Saturday 10am-10pm",10 hours,"Modern elegance
Timeless charm
Charming
Elegant",TRUE,"12 farmhouse tables
220 crossback chairs
5 floor-length linens
6 table runners
Candles
White oak ceremony arch with draping
Centerpieces
Pioneer cabin
2 dressing rooms",,Both,,"Ample onsite parking
Overflow parking options","1200 E 1200 S, Mapleton, UT 84664",Mapleton,"Yes
Bluetooth sound systems
Microphone
65-inch TV","Mountain views
Pioneer cabin
Indoor and outdoor ceremony options
Gold decor package — $1,500",,ADA-accessible bathrooms,,"Commercial and business licensed caterers required
Popular caterers listed on the official website",Warming kitchen,,In-house wedding and event planner,"Bride's dressing room
Groom's dressing room",,Official site describes weddings for 50-200 guests and a single-wedding-per-day setting,"Phone: 801-420-1227
Email: info@northridge-valley.com"
,River Bridge Event Center,https://www.riverbridgeeventcenter.com/,"A polished reception venue in Spanish Fork with a 7,000-square-foot ballroom, indoor and outdoor ceremony spaces, built-in audio, elegant furnishings, and flexible packages for intimate or large celebrations.","$3,000-$7,000","Venue rental with tables, chairs, bar, built-in audio, 12-foot sweetheart table, 8-foot head table, 8-foot guest tables, cake table, gift table, display tables, 4 easels, setup, cleanup, and one-hour pre-event consultation — Weekday 10am-10pm — $3,000
Same inclusions — Friday 10am-11pm — $5,000
Same inclusions — Saturday 10am-11pm — $7,000
One-hour additional time — $500",50-300,400,"Weekday 10am-10pm
Friday 10am-11pm
Saturday 10am-11pm",12-13 hours,"Elegant
Polished
Flexible",FALSE,"Tables
Chairs
Bar
12-foot sweetheart table
8-foot head table
8-foot guest tables
Cake table
Gift table
Display tables
4 easels
Built-in audio",,Both,Yes,,"1650 W 500 S, Springville, UT 84663",Springville,"Yes
Built-in audio
Wireless microphones","Indoor ceremony space
Outdoor ceremony space
One-hour pre-event consultation
Dressing room",Included,,,"Outside caterers allowed
Preferred caterers listed on the official website",Kitchen prep area,,"Event coordinator available
One-hour pre-event consultation included",Dressing room,Additional time is billed at $500 per hour,Package pricing varies by day; official site states capacity up to 400 guests,"Phone: 801-491-8085
Email: info@riverbridgeeventcenter.com"
,The Oaks at Spanish Fork,https://theoaksatsf.com/,"A modern, all-season reception venue in Spanish Fork with a 7,000-square-foot ballroom, mountain views, a full kitchen, bride and groom suites, an outdoor ceremony area, and customizable layouts.","$1,600-$2,400","Venue rental with tables, chairs, large kitchen, bride and groom suites, use of one or two ceremony areas, ceremony arch, setup, takedown, and cleanup — Monday-Thursday 9am-10pm — $1,600
Same inclusions — Friday-Saturday 9am-10pm — $2,400",240,,"Monday-Thursday 9am-10pm
Friday-Saturday 9am-10pm
Sunday 9am-10pm",13 hours,"Modern
All-season
Mountain",FALSE,"Tables
Chairs
Ceremony arch
Bride suite
Groom suite
Setup and takedown
Cleanup",,Both,,Onsite parking,"1450 E 1000 S, Spanish Fork, UT 84660",Spanish Fork,"Yes
In-house sound system
Wireless microphones","Mountain views
Large kitchen
Outdoor ceremony area
Customizable layouts",Included,,,"Outside caterers allowed
Preferred vendors available","Full kitchen
Prep area",,Onsite venue staff,"Bride suite
Groom suite","All setup, event time, takedown, and cleanup must occur within the reserved rental period",Official site advertises one or two ceremony areas and all-season access,"Phone: 801-794-4043
Email: info@theoaksatsf.com"
,Maplewood Events,https://eventsatmaplewood.com/,"A modern reception venue in Pleasant Grove with a spacious indoor hall, outdoor ceremony options, flexible seating, a full kitchen, included sound and lighting, and in-house event support.","$1,400-$2,450","Weekday rental 11am-10pm with 112 chairs, 12 round tables, 2 buffet tables, sweetheart table, sound system, string lights, 4 chandeliers, bride and groom rooms, prep kitchen, setup, takedown, cleanup and on-site attendant — Monday-Thursday — $1,400
Same inclusions — Friday — $1,950
Same inclusions — Saturday — $2,450
Ceremony in booked time with chairs taken down by renter — $100
Ceremony in booked time with chairs taken down by Maplewood — $200
Day-before setup — $150","112 included
162 maximum with added tables",,"Monday-Thursday 11am-10pm
Friday 11am-10pm
Saturday 11am-10pm",11 hours,"Modern
Decorated
Customizable",FALSE,"112 chairs
12 round tables
2 buffet tables
Sweetheart table
Sound system
String lights
4 chandeliers
Bride room
Groom room
Prep kitchen
Setup and takedown
Cleanup","Additional 60-inch round table — $35
Additional chairs — $2 each
Table linens — price not stated",Both,Yes,Onsite parking,"1350 W 200 S, Pleasant Grove, UT 84062",Pleasant Grove,"Yes
Sound system
Lighting
Wireless microphones","Outdoor ceremony area
On-site attendant
Design consultation
Customizable seating",Included,ADA restrooms,,"Outside caterers allowed
Open vendor policy","Warming kitchen only
No cooking",No alcohol allowed,"On-site attendant
Design consultation","Bride room
Groom room","No alcohol
No confetti
No fog machines
No pyrotechnics
No nails, tacks, tape or staples
Events end by 10pm",Building occupancy is listed at 224; reception seating is 112 included or up to 162 with added tables,"Phone: 801-890-0858
Email: hello@eventsatmaplewood.com"
,Chillon Reception Center,https://chillon.com/,"A full-service reception venue in Springville with elegant ballrooms, indoor and outdoor options, in-house catering, custom menus, integrated audio and lighting, and coordinated support for weddings.","$4,999","Option A full-service package with reception space, tables and chairs, linens, décor, in-house catering, cake service, DJ, security, setup and cleanup — $4,999",50-200,,,,"Elegant
Classic
Full-service",,,,Both,,,,,"Yes
Integrated audio
Integrated lighting
DJ included in Option A","In-house catering
Cake service
DJ
Security
Indoor and outdoor ceremony options",Included in Option A,,,"In-house catering
Custom menus available",,Alcohol policy not stated on the official website,Full-service event support,,,Option A is the only package with a published price; Option B is custom priced,"Phone: 801-489-0189
Email: info@chillon.com"
,Emerald Eve Events,https://emeraldeve.com/,"A flexible reception venue with rustic-industrial character, an open hall, covered outdoor areas, a full kitchen, included tables and chairs, and tiered packages that scale from small gatherings to larger celebrations.","$100-$2,500","Mini package, 4-hour block with 30 chairs, 5 tables, small kitchenette, basic furniture and decor, one arch, small lawn area, and self-cleanup — $100
Small package, 6-hour block with 50 chairs, 8 tables, kitchen access, furniture and decor, arch, lawn area, and self-cleanup — $400
Medium package, 8-hour block with 100 chairs, 12 tables, full kitchen, furniture and decor, 2 arches, outdoor area, and cleanup — $1,000
Large package, 8-hour block with 150 chairs, 18 tables, full kitchen, furniture and decor, 2 arches, outdoor area, and cleanup — $1,750
Extra-large package, 8-hour block with 200 chairs, 24 tables, full kitchen, furniture and decor, 2 arches, outdoor area, and cleanup — $2,500
Bring alcohol permission — $200
Decor package — $150
Tablecloths — $100
Chair covers — $150
Electronics package — $50
Kitchen items — $100
Decorating services — $200
We decorate package — $250",30-200,280,,4-8 hours,"Rustic-industrial
Antique charm
Open
Flexible",FALSE,"Tables
Chairs
Basic furniture and decor
Arches
Kitchen access
Outdoor covered area","Decor package — $150
Tablecloths — $100
Chair covers — $150
Electronics package — $50
Kitchen items — $100
Decorating services — $200
We decorate package — $250",Inside,,Parking stated on the official site,"890 W 100 S, Springville, UT 84663",Springville,"Yes
Electronics package available
Sound equipment available","Open hall
Covered outdoor area
Full kitchen
Lawn area
Tiered packages","Included for medium, large and extra-large packages
Extra cost for mini and small packages",,"$50 non-refundable booking fee
50% deposit required
Refunds: 100% at least 60 days before event; 50% under 60 days; none within 30 days","Outside caterers welcome
No charge for kitchen space for pre-made food","Full commercial kitchen
Small kitchenette in mini package","Alcohol allowed with $200 permission fee
Client provides alcohol","Venue staff available
Decorating services — $200
We decorate package — $250",,"No nails or tacks on walls or arches
No cooking restrictions beyond package-specific kitchen access",Package inclusions and cleanup vary by package size,"Phone: 801-472-9010
Email: emeraldeveevents@gmail.com
Instagram: @emeraldeveevents"
,TalonsCove,https://www.talonscove.com/,"A scenic golf and country-club reception venue overlooking Utah Lake and the Wasatch Mountains, with elegant indoor rooms, outdoor ceremony options, custom menus, and professional event support.",No wedding rental pricing stated on the official website,No wedding package prices stated on the official website,200 formal dining,,,,"Elegant
Scenic
Golf-course
Mountain",,,,Inside,,,,,"Yes
State-of-the-art audio/visual
HD displays
Projection
Premium sound","Utah Lake views
Wasatch Mountain views
Outdoor ceremony space
Gazebo
Waterfall
Wedding lawn
Resort-style clubhouse",,,,"In-house culinary team
Custom menus
Outside caterer policy not stated",,"Professional bar service available
Alcohol policy details not stated","Professional event staff
Wedding event support",,,Official site publishes venue features and capacity but not current wedding rental rates,"Phone: 801-895-5900
Phone: 801-895-5901
Email: info@talonscove.com"